Index,Model,Analysis Type,Restriction,RiskType,BMRF,BMD,BMDL,BMDU,P Value,AIC,Unnormalized Log Posterior Probability,Scaled Residual for Dose Group near BMD,Scaled Residual for Control Dose Group,BMDS Recommendation
1,Log-Logistic,frequentist,Restricted,Extra Risk,0.1,1.26000175,0.847552451,2.124447217,0.969491808,121.3427654,-,1.72E-02,-1.05E-03,Viable - Recommended
2,Multistage Degree 2,frequentist,Unrestricted,Extra Risk,0.1,1.075223504,0.228246747,Infinity,0.653900788,928.1368001,-,1.48E-03,-0.285302057,Viable - Recommended
3,Gamma,frequentist,Unrestricted,Extra Risk,0.1,9.307407966,0.653033556,19.6884813,0.764257923,80.6516549,-,0.243402093,-7.61E-04,Viable - Recommended
4,Multistage Degree 3,frequentist,Restricted,Extra Risk,0.1,39.5999888,25.07688797,53.42051238,0.634070646,150.2315963,-,1.05E-03,1.84E-02,Viable - Recommended
5,Gamma,frequentist,Unrestricted,Extra Risk,0.1,1.02E-02,1.87E-03,5.98E-02,0.129738229,2329.619732,-,-0.162594179,-0.162594179,Questionable
6,Multistage Degree 3,frequentist,Unrestricted,Extra Risk,0.1,36.73723812,2.13383852,39.64389041,0.482915358,1252.79078,-,-1.18E-03,0.405680789,Viable - Recommended
7,Gamma,frequentist,Unrestricted,Extra Risk,0.1,9.48E-02,1.52E-02,0.516884061,<0.0001,2228.058071,-,-1.008654779,-1.008654779,Questionable
8,Multistage Degree 3,frequentist,Unrestricted,Extra Risk,0.1,32.52026944,2.493520303,38.14808084,0.138471284,1090.412056,-,4.95E-04,0.796299571,Viable - Recommended
9,Dichotomous Hill,frequentist,Unrestricted,Extra Risk,0.1,7.105266867,6.821625014,7.398382124,<0.0001,179.4783003,-,-1.20338972,-0.814661583,Questionable
10,Dichotomous Hill,frequentist,Unrestricted,Extra Risk,0.1,2.59666363,0.197365265,Infinity,65535,111.9133553,-,1.39E-03,1.95E-02,Viable - Recommended
11,Dichotomous Hill,frequentist,Unrestricted,Extra Risk,0.1,7.105266867,6.821625014,7.398382124,<0.0001,179.4783003,-,-1.20338972,-0.814661583,Questionable
12,Log-Logistic,frequentist,Restricted,Extra Risk,0.1,9.61E-02,6.52E-02,0.256946038,0.833017277,157.4682714,-,-1.88E-02,-1.88E-02,Viable - Recommended
13,Dichotomous Hill,frequentist,Restricted,Extra Risk,0.1,7.79E-02,1.46E-02,0.119494663,0.930838714,197.2114436,-,-3.50E-03,-7.81E-04,Viable - Recommended
14,Multistage Degree 2,frequentist,Unrestricted,Extra Risk,0.1,0.472444475,0.179948802,2.86899888,0.999570792,63.33059462,-,-3.00E-07,-5.38E-04,Viable - Recommended
15,Log-Logistic,frequentist,Restricted,Extra Risk,0.1,0.875908348,0.41942795,1.222244795,0.999559501,52.31636667,-,-1.17E-05,-5.52E-04,Viable - Recommended
16,Probit,frequentist,Unrestricted,Extra Risk,0.1,0.136934356,9.43E-02,0.190448564,0.872646665,29.60769348,-,0.351992484,-0.745245888,Viable - Recommended
17,Weibull,frequentist,Unrestricted,Extra Risk,0.1,8.52E-02,6.01E-02,0.11665554,0.179911462,825.5148684,-,-0.537295376,-2.41E-02,Viable - Recommended
18,Weibull,frequentist,Unrestricted,Extra Risk,0.1,8.996102874,3.020341814,25.37947362,0.209200004,64.13394358,-,0.403139857,0.689196323,Viable - Recommended
19,Gamma,frequentist,Unrestricted,Extra Risk,0.1,7.53710441,2.407049468,15.67599118,0.603929707,66.89810721,-,-0.3505057,-7.44E-04,Viable - Recommended
20,Gamma,frequentist,Unrestricted,Extra Risk,0.1,61.20949282,11.69222858,296.1675907,0.426376449,76.72228271,-,0.146321533,0.510938797,Viable - Recommended
21,Log-Logistic,frequentist,Unrestricted,Extra Risk,0.1,1.26E-03,2.94E-04,4.17E-03,0.694879714,677.6978795,-,1.226214309,-0.279837817,Viable - Recommended
22,Multistage Degree 3,frequentist,Unrestricted,Extra Risk,0.1,0.19278377,0.169868066,0.290590086,0.587126482,121.3600857,-,-8.75E-04,-8.75E-04,Viable - Recommended
23,Logistic,frequentist,Unrestricted,Extra Risk,0.1,1.080538847,0.860846062,1.340052712,0.300500987,213.1388147,-,-0.546891846,-0.694248069,Viable - Recommended
24,Log-Logistic,frequentist,Restricted,Extra Risk,0.1,325.0478202,196.6761446,603.567404,0.152679881,65.33535384,-,-5.38E-04,-5.38E-04,Viable - Recommended
25,Multistage Degree 3,frequentist,Restricted,Extra Risk,0.1,7.742122333,6.248221629,8.563478613,0.998007971,128.9741807,-,-2.07E-02,-9.87E-04,Viable - Recommended
26,Multistage Degree 3,frequentist,Restricted,Extra Risk,0.1,7.742122333,6.248221629,8.563478613,0.998007971,128.9741807,-,-2.07E-02,-9.87E-04,Viable - Recommended
27,Log-Logistic,frequentist,Restricted,Extra Risk,0.1,1.593591361,0.822164763,6.661553037,0.443621057,192.603679,-,0.607415957,-0.185589577,Viable - Recommended
28,Log-Logistic,frequentist,Restricted,Extra Risk,0.1,3.016965091,1.649057484,12.62551906,0.879778324,201.9189902,-,-2.93E-02,-2.93E-02,Viable - Recommended
29,Log-Logistic,frequentist,Restricted,Extra Risk,0.1,0.879162128,0.480545463,3.679153672,0.879778323,201.9189902,-,-2.93E-02,-2.93E-02,Viable - Recommended
30,Multistage Degree 2,frequentist,Restricted,Extra Risk,0.1,17.19878232,10.11625057,23.71804047,0.352863987,140.0358247,-,-0.772466054,0.402305374,Viable - Recommended
31,Dichotomous Hill,frequentist,Unrestricted,Extra Risk,0.1,0.109688244,8.06E-02,0.142301773,8.50E-02,648.7901774,-,-2.21862081,-1.186622179,Questionable
32,Multistage Degree 2,frequentist,Unrestricted,Extra Risk,0.1,59.65126451,37.62681395,110.087777,NA,151.2029037,-,-2.63E-05,-2.63E-05,Questionable
33,Multistage Degree 2,frequentist,Restricted,Extra Risk,0.1,9.321261666,6.089714709,23.02584152,0.756504705,71.19408918,-,0.113831352,0.118746407,Viable - Recommended
34,Multistage Degree 2,frequentist,Restricted,Extra Risk,0.1,0.56645434,0.424193707,0.966781212,0.901866082,69.61715946,-,-6.76E-04,-6.76E-04,Viable - Recommended
35,Quantal Linear,frequentist,Unrestricted,Extra Risk,0.1,0.411367811,0.29872221,0.597811339,0.787420195,101.4805934,-,-5.38E-04,-5.38E-04,Viable - Recommended
36,Multistage Degree 2,frequentist,Unrestricted,Extra Risk,0.1,4.628069308,1.57793664,Infinity,0.999361862,63.28028619,-,-6.08E-07,-8.00E-04,Viable - Recommended
37,Log-Logistic,frequentist,Restricted,Extra Risk,0.1,2.929107802,1.838642293,4.936513986,0.331618764,76.26240859,-,1.208214721,-6.87E-04,Viable - Recommended
38,Quantal Linear,frequentist,Unrestricted,Extra Risk,0.1,0.411367811,0.29872221,0.597811339,0.787420195,101.4805934,-,-5.38E-04,-5.38E-04,Viable - Recommended
39,Quantal Linear,frequentist,Unrestricted,Extra Risk,0.1,0.153451659,0.122319437,0.195589105,0.305497744,126.4367747,-,-5.38E-04,-5.38E-04,Viable - Recommended
40,Multistage Degree 2,frequentist,Unrestricted,Extra Risk,0.1,4.628069308,1.57793664,Infinity,0.999361862,63.28028619,-,-6.08E-07,-8.00E-04,Viable - Recommended
41,Log-Logistic,frequentist,Restricted,Extra Risk,0.1,2.929107802,1.838642293,4.936513986,0.331618764,76.26240859,-,1.208214721,-6.87E-04,Viable - Recommended
42,Multistage Degree 3,frequentist,Restricted,Extra Risk,0.1,0.19454469,0.160117625,0.249316748,0.695086586,166.0188061,-,-7.26E-02,-7.26E-02,Viable - Recommended
43,Multistage Degree 2,frequentist,Restricted,Extra Risk,0.1,17.05625451,12.85213493,23.34915639,0.718230271,56.53978167,-,0.382080277,-8.73E-04,Viable - Recommended
44,Logistic,frequentist,Unrestricted,Extra Risk,0.1,2.43293007,1.971656781,3.562384106,0.576272841,77.79471752,-,0.116145773,0.377807916,Viable - Recommended
45,Multistage Degree 2,frequentist,Restricted,Extra Risk,0.1,349.087825,255.9456181,Infinity,0.971807584,44.37234057,-,0.108407423,-5.52E-04,Viable - Recommended
46,Gamma,frequentist,Restricted,Extra Risk,0.1,0.731334584,0.429086928,0.992331241,0.999015331,87.20083048,-,-2.04E-06,-1.23E-03,Viable - Recommended
47,Log-Logistic,frequentist,Restricted,Extra Risk,0.1,0.356656796,0.162270667,7.714022894,0.899498698,67.13933196,-,-3.49E-04,-3.49E-04,Questionable
48,Dichotomous Hill,frequentist,Restricted,Extra Risk,0.1,11.14089471,0.560251013,Infinity,65535,213.9659586,-,4.29E-05,0.802030166,Viable - Recommended
49,Dichotomous Hill,frequentist,Unrestricted,Extra Risk,0.1,0.121135044,6.21E-02,0.131093045,65535,143.6741233,-,-5.00E-06,1.567676762,Viable - Recommended
50,Log-Logistic,frequentist,Restricted,Extra Risk,0.1,52.82647424,30.30726458,152.8671232,0.598224523,114.9079603,-,0.419666261,-0.10416729,Viable - Recommended
51,Weibull,frequentist,Restricted,Extra Risk,0.1,63.52066976,54.14693463,78.32764018,0.999988693,33.15654549,-,9.49E-06,-8.64E-04,Viable - Recommended
52,Multistage Degree 2,frequentist,Restricted,Extra Risk,0.1,29.01673978,18.56352662,97.8953737,0.825959306,198.1166362,-,-6.04E-02,-6.04E-02,Viable - Recommended
53,Logistic,frequentist,Unrestricted,Extra Risk,0.1,4.196535995,3.273606009,5.463171309,0.987328636,135.9940742,-,1.18E-02,1.18E-02,Viable - Recommended
54,Log-Logistic,frequentist,Restricted,Extra Risk,0.1,0.299740706,0.18607394,0.402654955,0.893503787,103.332203,-,-2.10E-08,-0.225973114,Viable - Recommended
55,Multistage Degree 2,frequentist,Unrestricted,Extra Risk,0.1,0.34517902,0.277788134,0.447426529,0.831257493,78.67453696,-,1.33E-04,-0.416316293,Viable - Recommended
56,Dichotomous Hill,frequentist,Restricted,Extra Risk,0.1,9.12E-02,2.60E-02,0.177952492,0.814069095,133.2362504,-,-1.35E-05,0.261830868,Viable - Recommended
57,Dichotomous Hill,frequentist,Unrestricted,Extra Risk,0.1,0.275353283,3.32E-02,Infinity,0.113501779,122.8330573,-,0.801213709,-9.57E-04,Viable - Recommended
58,Logistic,frequentist,Unrestricted,Extra Risk,0.1,5.00E-02,4.09E-02,6.25E-02,0.663640436,349.6395465,-,-0.168040646,-0.426303307,Viable - Recommended
59,Logistic,frequentist,Unrestricted,Extra Risk,0.1,0.347499669,0.263028432,0.686695496,0.799672656,70.51765891,-,7.69E-04,0.480061221,Viable - Recommended
60,Multistage Degree 2,frequentist,Unrestricted,Extra Risk,0.1,0.233848214,0.13672103,0.569616476,0.108798863,190.6448282,-,1.156113753,0.81453708,Viable - Recommended
61,Log-Logistic,frequentist,Restricted,Extra Risk,0.1,37.4367559,11.06982621,57.64065557,0.999570707,94.87038116,-,-5.38E-04,-5.38E-04,Viable - Recommended
62,Dichotomous Hill,frequentist,Unrestricted,Extra Risk,0.1,37.88257639,11.27752762,58.27825513,65535,108.2229285,-,-1.95E-06,-1.95E-06,Viable - Recommended
63,Multistage Degree 4,frequentist,Unrestricted,Extra Risk,0.1,7.176716548,0.95767837,18.14622461,0.774167284,180.4522023,-,-0.201090582,0.138006481,Viable - Recommended
64,Log-Logistic,frequentist,Restricted,Extra Risk,0.1,14.39873824,9.841599723,29.30642141,0.109268391,164.8332154,-,-0.114147551,-0.114147551,Viable - Recommended
65,Log-Probit,frequentist,Restricted,Extra Risk,0.1,6.156055925,4.109090317,14.9258215,0.912698318,184.7634414,-,-0.143284297,-0.143284297,Viable - Recommended
66,Logistic,frequentist,Unrestricted,Extra Risk,0.1,359.887587,296.2044882,474.0474398,0.970220512,105.9640205,-,-0.183715627,9.55E-03,Viable - Recommended
67,Logistic,frequentist,Unrestricted,Extra Risk,0.1,286.9056839,195.3249198,295.9697906,0.99997268,60.57373611,-,4.23E-06,-5.38E-04,Viable - Recommended
68,Weibull,frequentist,Unrestricted,Extra Risk,0.1,315.3742649,142.1813877,324.0058015,0.999999512,48.73799245,-,-7.83E-09,-5.24E-04,Viable - Recommended
69,Multistage Degree 3,frequentist,Unrestricted,Extra Risk,0.1,10.33885968,9.335416272,13.90629515,0.289053004,200.610738,-,-6.79E-02,-6.79E-02,Questionable
70,Multistage Degree 2,frequentist,Unrestricted,Extra Risk,0.1,150.8041658,87.74379719,304.6637361,0.705452355,115.3802881,-,-0.267950476,-8.28E-04,Viable - Recommended
71,Multistage Degree 1,frequentist,Unrestricted,Extra Risk,0.1,542.3267354,422.5247405,722.2273763,0.678696252,155.0413555,-,4.57E-02,4.57E-02,Viable - Recommended
72,Gamma,frequentist,Restricted,Extra Risk,0.1,61.39911174,47.38135024,74.64295131,0.990746173,97.77802523,-,3.62E-02,-9.15E-04,Viable - Recommended
73,Multistage Degree 3,frequentist,Restricted,Extra Risk,0.1,2.974771023,1.441273509,3.667861801,0.636259482,58.42215136,-,3.55E-03,0.648456899,Viable - Recommended
74,Multistage Degree 2,frequentist,Restricted,Extra Risk,0.1,43.50451708,26.64683443,82.21116914,0.697086083,82.75523729,-,0.170782371,0.431000882,Viable - Recommended
75,Log-Probit,frequentist,Unrestricted,Extra Risk,0.1,19.22854601,14.55217791,24.72790091,0.413189718,136.7383239,-,-0.516179338,0.174735492,Viable - Recommended
76,Multistage Degree 2,frequentist,Restricted,Extra Risk,0.1,31.73409426,25.51794049,36.50093923,0.43437928,90.69280312,-,-1.5036805,-7.30E-04,Viable - Recommended
77,Probit,frequentist,Unrestricted,Extra Risk,0.1,35.71861648,29.2877428,43.33686824,0.943119965,139.8512594,-,-7.59E-02,-0.223241196,Viable - Recommended
78,Multistage Degree 3,frequentist,Restricted,Extra Risk,0.1,66.78404617,42.97486716,120.7644792,0.986253571,78.26251505,-,0.247070267,-7.30E-04,Viable - Recommended
79,Weibull,frequentist,Unrestricted,Extra Risk,0.1,10.35980797,2.629332788,15.93564723,0.999450138,114.0345811,-,-4.52E-05,-6.87E-04,Viable - Recommended
80,Multistage Degree 1,frequentist,Restricted,Extra Risk,0.1,3.123923615,2.329980896,4.602936465,0.741054108,154.0265845,-,6.78E-02,6.78E-02,Viable - Recommended
81,Log-Probit,frequentist,Restricted,Extra Risk,0.1,164.4199166,122.4784933,368.9919443,0.844522383,130.201407,-,-2.78E-02,-2.78E-02,Viable - Recommended
82,Dichotomous Hill,frequentist,Unrestricted,Extra Risk,0.1,389.5713007,89.67847773,732.2328182,65535,137.5907319,-,4.63E-05,-2.45E-05,Viable - Recommended
83,Log-Logistic,frequentist,Restricted,Extra Risk,0.1,9.637333795,5.985466678,33.87371575,0.730265749,158.0504895,-,-6.71E-02,-6.71E-02,Viable - Recommended
84,Multistage Degree 5,frequentist,Unrestricted,Extra Risk,0.1,2.216348075,2.044132457,2.41992221,6.12E-03,267.2633504,-,-0.417598553,-0.417598553,Questionable
85,Dichotomous Hill,frequentist,Unrestricted,Extra Risk,0.1,10.71132654,4.77635466,12.60125452,0.996544955,152.1488163,-,5.66E-06,-9.57E-06,Viable - Recommended
86,Probit,frequentist,Unrestricted,Extra Risk,0.1,243.2820826,81.52974235,280.9311687,0.999907024,21.10834157,-,-3.66E-09,-1.17E-04,Viable - Recommended
87,Log-Logistic,frequentist,Restricted,Extra Risk,0.1,0.896908451,0.507591762,7.858231001,0.789098924,70.65604427,-,-5.52E-04,-5.52E-04,Questionable
88,Weibull,frequentist,Restricted,Extra Risk,0.1,3.923185392,2.816841978,9.063909487,0.954413273,43.2941938,-,-3.02E-04,-3.02E-04,Viable - Recommended
89,Probit,frequentist,Unrestricted,Extra Risk,0.1,24.45139413,14.3642262,44.57336244,0.171833727,23.43115609,-,-0.733068894,-0.691934049,Viable - Recommended
90,Log-Logistic,frequentist,Restricted,Extra Risk,0.1,104.870971,28.54303097,Infinity,0.795587482,116.440681,-,0.195442341,-0.117242346,Viable - Recommended
91,Multistage Degree 2,frequentist,Unrestricted,Extra Risk,0.1,13.8965728,5.030221786,22.05204566,0.999303565,96.17002554,-,1.77E-05,-8.73E-04,Viable - Recommended
92,Multistage Degree 2,frequentist,Restricted,Extra Risk,0.1,2.453830796,0.749286888,4.46932744,0.656554872,74.9170787,-,-0.37255597,0.190806933,Viable - Recommended
93,Log-Probit,frequentist,Restricted,Extra Risk,0.1,419.2952166,306.0261173,529.0019179,0.999559643,87.83184842,-,-1.25E-08,-5.52E-04,Viable - Recommended
94,Multistage Degree 2,frequentist,Restricted,Extra Risk,0.1,14.23675239,10.24412705,26.31389574,0.406892085,56.57709366,-,-4.62E-04,-4.62E-04,Viable - Recommended
95,Multistage Degree 2,frequentist,Unrestricted,Extra Risk,0.1,1.073902901,0.578655692,2.069557807,0.999405395,29.83002334,-,-4.78E-04,-4.78E-04,Questionable
96,Multistage Degree 2,frequentist,Restricted,Extra Risk,0.1,45.41586149,33.19478664,81.85542778,0.471994202,115.4306513,-,0.995011756,-5.52E-04,Viable - Recommended
97,Gamma,frequentist,Restricted,Extra Risk,0.1,44.02701964,34.16908544,97.33943837,0.992859035,131.6933844,-,-8.73E-04,-8.73E-04,Viable - Recommended
98,Gamma,frequentist,Unrestricted,Extra Risk,0.1,1.03E-03,6.35E-04,Infinity,0.538596038,41.0377876,-,-5.21E-03,-5.21E-03,Questionable
99,Multistage Degree 1,frequentist,Restricted,Extra Risk,0.1,0.658558963,0.464736744,0.975900234,0.743751488,93.99489236,-,-0.692176635,-8.55E-04,Viable - Recommended
100,Logistic,frequentist,Unrestricted,Extra Risk,0.1,1.643998158,1.136504763,2.37149358,<0.0001,112.3563213,-,-1.558555108,-1.558555108,Questionable
101,Multistage Degree 2,frequentist,Unrestricted,Extra Risk,0.1,32.60406017,9.713564812,Infinity,0.532849815,166.1894699,-,-0.256418076,-0.262520137,Viable - Recommended
102,Weibull,frequentist,Unrestricted,Extra Risk,0.1,18.90895778,1.075985979,61.97907461,0.101349366,122.8310583,-,-1.308788522,-1.03E-03,Viable - Recommended
103,Weibull,frequentist,Restricted,Extra Risk,0.1,53.61184506,18.0950255,55.00836359,0.762604751,236.2543129,-,8.35E-07,-0.44048212,Viable - Recommended
104,Multistage Degree 3,frequentist,Restricted,Extra Risk,0.1,8.364923447,7.369499405,9.003231338,0.817226519,195.7862093,-,-0.901164298,0.508341818,Viable - Recommended
105,Logistic,frequentist,Unrestricted,Extra Risk,0.1,21.51414741,17.33706176,26.2926531,0.798568147,121.6673922,-,-0.182473594,0.162849683,Viable - Recommended
106,Multistage Degree 1,frequentist,Restricted,Extra Risk,0.1,67840,129.7861043,Infinity,1.61E-02,221.8815125,-,-1.275282715,-1.342200138,Questionable
107,Multistage Degree 2,frequentist,Unrestricted,Extra Risk,0.1,309.8256251,75.02784098,726.0185412,0.999629167,32.23480582,-,-4.63E-05,-4.62E-04,Viable - Recommended
108,Multistage Degree 3,frequentist,Restricted,Extra Risk,0.1,64.46810526,31.16015065,Infinity,0.757568724,137.6761823,-,2.56E-03,0.552472563,Viable - Recommended
109,Probit,frequentist,Unrestricted,Extra Risk,0.1,1.222319797,0.910268682,2.432198713,0.960279963,137.097305,-,4.00E-02,-2.40E-02,Viable - Recommended
110,Probit,frequentist,Unrestricted,Extra Risk,0.1,1.222319797,0.910268682,2.432198713,0.960279963,137.097305,-,4.00E-02,-2.40E-02,Viable - Recommended
111,Weibull,frequentist,Unrestricted,Extra Risk,0.1,1.688513514,1.352443036,1.987894758,0.999559643,76.21662438,-,-5.60E-08,-5.52E-04,Viable - Recommended
112,Weibull,frequentist,Unrestricted,Extra Risk,0.1,1.688513514,1.352443036,1.987894758,0.999559643,76.21662438,-,-5.60E-08,-5.52E-04,Viable - Recommended
113,Multistage Degree 2,frequentist,Unrestricted,Extra Risk,0.1,1.10331139,0.734888172,1.834751303,NA,167.0640809,-,-7.23E-04,-7.23E-04,Questionable
114,Dichotomous Hill,frequentist,Unrestricted,Extra Risk,0.1,14.82934144,9.9822575,Infinity,0.617030605,173.1901715,-,-1.51E-05,1.12E-03,Viable - Recommended
115,Multistage Degree 2,frequentist,Unrestricted,Extra Risk,0.1,3.160730004,2.334604225,4.461404993,0.712476204,167.897493,-,-1.23E-03,-1.23E-03,Viable - Recommended
116,Multistage Degree 3,frequentist,Unrestricted,Extra Risk,0.1,59.79242064,46.34973898,65.11661266,0.768799354,141.5943594,-,2.58E-03,-1.34E-03,Viable - Recommended
117,Gamma,frequentist,Unrestricted,Extra Risk,0.1,1.024122347,0.298880182,73.88401561,0.48038505,158.0368348,-,-4.37E-02,-4.37E-02,Questionable
118,Multistage Degree 2,frequentist,Restricted,Extra Risk,0.1,1.383770835,0.863585741,1.645622902,0.874859125,102.8157573,-,-0.452401257,-5.52E-04,Viable - Recommended
119,Multistage Degree 2,frequentist,Restricted,Extra Risk,0.1,129.758327,55.18072802,163.6040592,0.484216282,186.0516963,-,-0.570706447,0.296978294,Viable - Recommended
120,Gamma,frequentist,Unrestricted,Extra Risk,0.1,5.849756431,0.515382901,11.99357049,0.803049505,248.0764714,-,-5.25E-02,-0.147154184,Viable - Recommended
121,Log-Logistic,frequentist,Restricted,Extra Risk,0.1,15.11365793,7.041619876,73.59201093,0.535346602,69.06286264,-,-8.97E-02,-8.97E-02,Viable - Recommended
122,Multistage Degree 1,frequentist,Restricted,Extra Risk,0.1,13.95762036,8.142185939,26.72835159,0.406679049,28.80414535,-,-1.042404296,-3.90E-04,Viable - Recommended
123,Quantal Linear,frequentist,Unrestricted,Extra Risk,0.1,14.28440104,8.912628791,24.76248492,0.191143558,32.05342617,-,-1.411164731,-3.90E-04,Viable - Recommended
124,Gamma,frequentist,Unrestricted,Extra Risk,0.1,8.27E-04,5.05E-04,Infinity,1.09E-02,108.0794158,-,-7.81E-04,-7.81E-04,Questionable
125,Probit,frequentist,Unrestricted,Extra Risk,0.1,5.270362251,1.296435675,6.763744637,0.999966154,45.53131396,-,-2.06E-05,-1.52E-05,Viable - Recommended
126,Multistage Degree 2,frequentist,Unrestricted,Extra Risk,0.1,7.567265528,0.905817127,7.934230794,0.999265307,60.38235944,-,4.26E-04,-4.45E-04,Viable - Recommended
127,Log-Logistic,frequentist,Restricted,Extra Risk,0.1,2.966647751,1.862066793,7.263934655,0.654296516,72.43490328,-,-4.45E-04,-4.45E-04,Viable - Recommended
128,Gamma,frequentist,Unrestricted,Extra Risk,0.1,7.595075122,1.064491336,161.8541837,0.410947832,102.4805665,-,-2.64E-02,-2.64E-02,Questionable
129,Log-Logistic,frequentist,Restricted,Extra Risk,0.1,2.335330798,1.490343138,4.305698787,0.943237429,79.34764867,-,0.226924769,-7.81E-04,Viable - Recommended
130,Dichotomous Hill,frequentist,Unrestricted,Extra Risk,0.1,0.449802935,2.29E-02,1.301971489,65535,227.412517,-,-3.31E-06,-1.18E-05,Viable - Recommended
131,Log-Logistic,frequentist,Restricted,Extra Risk,0.1,0.27212975,0.205078213,0.40381217,0.904715079,406.5661349,-,-0.392316179,-0.268085229,Viable - Recommended
132,Multistage Degree 2,frequentist,Restricted,Extra Risk,0.1,0.129464822,0.105734488,0.186933478,0.725825997,175.3891998,-,1.90E-02,1.90E-02,Viable - Recommended
133,Log-Logistic,frequentist,Restricted,Extra Risk,0.1,23.64152327,13.29231276,83.71357464,0.763219559,199.3850274,-,-5.91E-02,-5.91E-02,Viable - Recommended
134,Log-Logistic,frequentist,Restricted,Extra Risk,0.1,7.171320443,4.688320608,15.14722742,0.176005413,175.9042156,-,-0.16757829,-0.16757829,Viable - Recommended
135,Logistic,frequentist,Unrestricted,Extra Risk,0.1,8.379684586,6.748113062,10.17318252,0.316222676,123.5703617,-,-0.656239723,0.724724375,Viable - Recommended
136,Log-Logistic,frequentist,Restricted,Extra Risk,0.1,61.41799352,42.76316749,110.6725407,0.154582157,122.4575139,-,-7.40E-04,-7.40E-04,Viable - Recommended
137,Weibull,frequentist,Restricted,Extra Risk,0.1,496.7117568,284.5378993,1821.966737,0.967556125,175.4965905,-,3.32E-02,-1.18E-02,Viable - Recommended
138,Gamma,frequentist,Unrestricted,Extra Risk,0.1,1.184884623,0.193525914,2.876067587,0.679331058,174.6687166,-,-0.137628782,-0.662055938,Viable - Recommended
139,Dichotomous Hill,frequentist,Restricted,Extra Risk,0.1,3.37213502,0.968104481,3.571292232,0.927113066,117.2626646,-,-3.44E-05,-7.81E-04,Viable - Recommended
140,Quantal Linear,frequentist,Unrestricted,Extra Risk,0.1,0.612740276,0.503233737,0.752003885,0.999990185,116.9253665,-,-8.90E-04,-8.90E-04,Questionable
141,Quantal Linear,frequentist,Unrestricted,Extra Risk,0.1,7.47E-02,6.13E-02,9.16E-02,0.999990185,116.9253665,-,-8.90E-04,-8.90E-04,Questionable
142,Log-Probit,frequentist,Restricted,Extra Risk,0.1,3.702392469,2.850950836,5.018902337,0.999994188,80.02964183,-,3.33E-02,-9.07E-04,Viable - Recommended
143,Log-Logistic,frequentist,Unrestricted,Extra Risk,0.1,0.813133284,0.462187233,1.130382989,0.655670675,119.4436923,-,2.25E-03,2.25E-03,Viable - Recommended
144,Logistic,frequentist,Unrestricted,Extra Risk,0.1,76.16574201,59.06476755,99.10296313,<0.0001,125.0270269,-,-2.52399427,-2.52399427,Questionable
145,Weibull,frequentist,Restricted,Extra Risk,0.1,8.639840173,3.999949324,10.35765861,0.614366788,150.1018404,-,-0.704944511,0.690398747,Viable - Recommended
146,Weibull,frequentist,Unrestricted,Extra Risk,0.1,1.221623728,9.86E-02,29.90813328,0.266492797,192.8872193,-,-0.821828648,0.466728172,Viable - Recommended
147,Gamma,frequentist,Unrestricted,Extra Risk,0.1,0.342784205,6.35E-02,2.322409728,0.805283436,195.747054,-,-0.37153066,-9.79E-03,Viable - Recommended
148,Multistage Degree 1,frequentist,Restricted,Extra Risk,0.1,1.296444833,1.001181083,1.726996195,0.323422211,161.0123132,-,0.159089716,0.159089716,Viable - Recommended
149,Probit,frequentist,Unrestricted,Extra Risk,0.1,14.53855848,10.72243085,28.72648572,0.957621627,191.5104922,-,4.29E-02,-2.39E-02,Viable - Recommended
150,Multistage Degree 1,frequentist,Restricted,Extra Risk,0.1,768,2.887083317,Infinity,8.43E-04,60.32040102,-,-1.304263871,-1.910705025,Questionable
151,Log-Logistic,frequentist,Unrestricted,Extra Risk,0.1,228.0819918,151.156464,282.7362456,0.999303735,85.35113793,-,-2.60E-07,-8.73E-04,Viable - Recommended
152,Gamma,frequentist,Unrestricted,Extra Risk,0.1,7.49E-03,4.80E-03,0.168297641,0.630414955,173.5161419,-,-0.156739166,-0.156739166,Questionable
153,Logistic,frequentist,Unrestricted,Extra Risk,0.1,31.54001063,24.53802772,50.79396691,0.76648697,156.7764659,-,-0.235678161,0.149835501,Viable - Recommended
154,Logistic,frequentist,Unrestricted,Extra Risk,0.1,31.67200879,24.62232284,51.04211829,0.785521536,156.7622102,-,-0.215790694,0.138622183,Viable - Recommended
155,Log-Logistic,frequentist,Restricted,Extra Risk,0.1,0.597042795,0.432575982,1.254898766,0.47313025,152.8291446,-,-8.98E-04,-8.98E-04,Viable - Recommended
156,Multistage Degree 2,frequentist,Unrestricted,Extra Risk,0.1,14.93624371,11.17389258,18.27138758,0.990983233,86.16741316,-,0.13041934,-8.73E-04,Viable - Recommended
157,Logistic,frequentist,Unrestricted,Extra Risk,0.1,67.58364154,53.54007609,84.45913929,0.390354419,137.1107818,-,-0.567643987,0.590531522,Viable - Recommended
158,Quantal Linear,frequentist,Unrestricted,Extra Risk,0.1,389.0459893,188.6783047,Infinity,0.932992134,34.48060207,-,0.216038207,-8.55E-04,Viable - Recommended
159,Multistage Degree 4,frequentist,Unrestricted,Extra Risk,0.1,478.355414,372.0498079,580.6713892,0.927797229,66.68319804,-,0.184957575,-5.52E-04,Viable - Recommended
160,Probit,frequentist,Unrestricted,Extra Risk,0.1,45.01466106,38.72772107,51.83599588,0.881809799,197.1199354,-,0.181620793,-0.401115411,Viable - Recommended
161,Multistage Degree 2,frequentist,Unrestricted,Extra Risk,0.1,37.17096218,27.60374417,46.81098621,0.770528593,178.1238836,-,-0.526118833,-1.26E-03,Viable - Recommended
162,Multistage Degree 2,frequentist,Restricted,Extra Risk,0.1,623.9010142,341.7708242,850.9258929,0.359839242,123.902298,-,-0.654202609,0.561688609,Viable - Recommended
163,Multistage Degree 2,frequentist,Unrestricted,Extra Risk,0.1,2.101475259,1.333601637,3.380533969,NA,59.11402557,-,-4.78E-04,-4.78E-04,Questionable
164,Log-Probit,frequentist,Restricted,Extra Risk,0.1,158.7782084,109.0257384,246.2904418,0.822927126,40.52305884,-,0.796280758,-5.79E-04,Viable - Recommended
165,Weibull,frequentist,Restricted,Extra Risk,0.1,31.5102456,30.45157261,39.57335002,0.999999941,51.19553121,-,1.18E-05,-1.71E-03,Viable - Recommended
166,Multistage Degree 2,frequentist,Unrestricted,Extra Risk,0.1,46.2960446,30.37908733,Infinity,0.998517807,25.44285187,-,1.16E-07,-1.86E-03,Viable - Recommended
167,Logistic,frequentist,Unrestricted,Extra Risk,0.1,2.409695948,2.14146222,2.735179344,0.697200207,168.6286922,-,0.164847017,0.413945462,Viable - Recommended
168,Quantal Linear,frequentist,Unrestricted,Extra Risk,0.1,13.79270012,10.94489403,17.75059126,0.208019208,140.0611009,-,7.73E-02,7.73E-02,Viable - Recommended
169,Probit,frequentist,Unrestricted,Extra Risk,0.1,0.454782328,0.374331078,0.566761501,0.833609502,110.5045608,-,2.80E-02,2.80E-02,Viable - Recommended
170,Multistage Degree 1,frequentist,Restricted,Extra Risk,0.1,33.62030655,25.08635735,47.50382996,0.985926104,118.475147,-,-5.52E-04,-5.52E-04,Viable - Recommended
171,Log-Logistic,frequentist,Restricted,Extra Risk,0.1,0.907645037,0.428032704,13.48743828,0.874431545,104.6469825,-,-1.50E-03,-1.50E-03,Questionable
172,Dichotomous Hill,frequentist,Restricted,Extra Risk,0.1,49.84242912,6.034295646,83.72457014,65535,145.2932021,-,2.22E-03,-2.02E-03,Viable - Recommended
173,Log-Logistic,frequentist,Restricted,Extra Risk,0.1,23.09655785,14.44158071,45.98140782,0.166843114,125.0281628,-,1.117077301,-0.176288121,Viable - Recommended
174,Weibull,frequentist,Unrestricted,Extra Risk,0.1,1.374550318,0.120965089,2.0551562,0.514788119,48.42342381,-,0.83978436,-6.05E-04,Viable - Recommended
175,Probit,frequentist,Unrestricted,Extra Risk,0.1,2.14E-02,1.72E-02,3.02E-02,0.996588947,144.6409747,-,-2.95E-03,2.72E-03,Viable - Recommended
176,Probit,frequentist,Unrestricted,Extra Risk,0.1,2.14E-02,1.72E-02,3.02E-02,0.996588947,144.6409747,-,-2.95E-03,2.72E-03,Viable - Recommended
177,Probit,frequentist,Unrestricted,Extra Risk,0.1,2.14E-02,1.72E-02,3.02E-02,0.996588947,144.6409747,-,-2.95E-03,2.72E-03,Viable - Recommended
178,Multistage Degree 2,frequentist,Restricted,Extra Risk,0.1,9.50E-03,7.08E-03,1.10E-02,0.246847272,48.61844451,-,-1.912393265,-5.52E-04,Viable - Recommended
179,Log-Logistic,frequentist,Restricted,Extra Risk,0.1,24.12625256,16.12621745,47.94074453,0.187954021,162.1130762,-,-0.141807391,-0.141807391,Viable - Recommended
180,Multistage Degree 2,frequentist,Unrestricted,Extra Risk,0.1,49.44652551,31.70769571,96.88439848,NA,149.0232027,-,-8.82E-05,-8.82E-05,Questionable
181,Log-Logistic,frequentist,Restricted,Extra Risk,0.1,268.1238999,183.7826626,461.8970344,0.670040067,112.2812617,-,-5.52E-04,-5.52E-04,Viable - Recommended
182,Multistage Degree 2,frequentist,Unrestricted,Extra Risk,0.1,75.23873734,32.45478234,142.532416,0.999558873,101.1926915,-,-2.87E-05,-5.52E-04,Viable - Recommended
183,Gamma,frequentist,Restricted,Extra Risk,0.1,9.644590266,5.760439402,16.65074048,0.99960607,89.07077406,-,6.73E-06,-4.94E-04,Viable - Recommended
184,Logistic,frequentist,Unrestricted,Extra Risk,0.1,19.20879247,14.74689775,25.22171882,<0.0001,114.6779039,-,-2.448732494,-2.448732494,Questionable
185,Weibull,frequentist,Unrestricted,Extra Risk,0.1,177.6971019,116.8915581,Infinity,0.999303735,35.4400475,-,2.10E-08,-8.73E-04,Viable - Recommended
186,Gamma,frequentist,Unrestricted,Extra Risk,0.1,3.334376784,0.397538714,Infinity,0.655757187,137.0708732,-,-0.333665368,-7.07E-02,Viable - Recommended
187,Multistage Degree 1,frequentist,Restricted,Extra Risk,0.1,1.231774615,0.918649514,1.703260208,0.449766515,112.254662,-,-8.73E-04,-8.73E-04,Viable - Recommended
188,Log-Logistic,frequentist,Restricted,Extra Risk,0.1,3.213708095,1.869867724,8.464354538,0.608435539,94.15700412,-,0.410623879,-7.95E-02,Viable - Recommended
189,Log-Probit,frequentist,Restricted,Extra Risk,0.1,22.21356694,17.59814058,41.82623705,0.974534362,151.1770818,-,-2.28E-03,-2.28E-03,Viable - Recommended
190,Dichotomous Hill,frequentist,Unrestricted,Extra Risk,0.1,60.45722551,19.26474267,102.1027422,65535,151.5308237,-,2.43E-07,2.43E-07,Viable - Recommended
191,Weibull,frequentist,Restricted,Extra Risk,0.1,140.4829572,120.0747054,148.6949605,0.999987942,38.69254736,-,9.24E-06,-8.73E-04,Viable - Recommended
192,Multistage Degree 2,frequentist,Restricted,Extra Risk,0.1,15.82199585,12.75522541,27.34606691,0.838165694,123.1689611,-,-1.23E-03,-1.23E-03,Viable - Recommended
193,Log-Logistic,frequentist,Restricted,Extra Risk,0.1,6.808079523,2.14E-02,Infinity,0.999820448,23.53869637,-,-7.97E-05,-3.53E-04,Questionable
194,Multistage Degree 2,frequentist,Restricted,Extra Risk,0.1,9.68018589,4.044394446,11.71084693,0.815248599,154.6371429,-,-0.195439869,6.91E-02,Viable - Recommended
195,Gamma,frequentist,Restricted,Extra Risk,0.1,108.9865252,72.04444787,471.5862505,0.882824998,58.8036443,-,-2.04E-02,-2.04E-02,Viable - Recommended
196,Multistage Degree 2,frequentist,Restricted,Extra Risk,0.1,524.8633372,216.3466758,Infinity,0.813104588,170.8907499,-,-0.18978566,0.126860336,Viable - Recommended
197,Multistage Degree 3,frequentist,Unrestricted,Extra Risk,0.1,7.60E-02,5.23E-02,0.10372421,0.854772213,171.8943218,-,-0.37675111,-9.65E-04,Viable - Recommended
198,Multistage Degree 3,frequentist,Unrestricted,Extra Risk,0.1,7.60E-02,5.23E-02,0.10372421,0.854772213,171.8943218,-,-0.37675111,-9.65E-04,Viable - Recommended
199,Multistage Degree 2,frequentist,Restricted,Extra Risk,0.1,2.61E-02,1.70E-02,3.39E-02,0.955575314,204.3252094,-,0.166483836,-9.72E-04,Viable - Recommended
200,Multistage Degree 2,frequentist,Unrestricted,Extra Risk,0.1,6.19E-02,5.26E-02,6.90E-02,0.656325746,177.5412671,-,0.182045485,0.303735959,Viable - Recommended
201,Multistage Degree 2,frequentist,Restricted,Extra Risk,0.1,2.61E-02,1.70E-02,3.39E-02,0.955575314,204.3252094,-,0.166483836,-9.72E-04,Viable - Recommended
202,Multistage Degree 2,frequentist,Unrestricted,Extra Risk,0.1,6.19E-02,5.26E-02,6.90E-02,0.656325746,177.5412671,-,0.182045485,0.303735959,Viable - Recommended
203,Probit,frequentist,Unrestricted,Extra Risk,0.1,9.00E-02,6.79E-02,0.119340801,0.927421174,80.78649957,-,5.47E-02,-6.50E-02,Viable - Recommended
204,Probit,frequentist,Unrestricted,Extra Risk,0.1,9.00E-02,6.79E-02,0.119340801,0.927421174,80.78649957,-,5.47E-02,-6.50E-02,Viable - Recommended
205,Multistage Degree 2,frequentist,Restricted,Extra Risk,0.1,1.586090565,1.167269778,3.992490353,0.803699496,72.96768862,-,-3.02E-04,-3.02E-04,Viable - Recommended
206,Multistage Degree 1,frequentist,Restricted,Extra Risk,0.1,208.4524193,141.0449962,365.5607343,0.717072794,125.2587525,-,-0.291532645,6.28E-02,Viable - Recommended
207,Multistage Degree 2,frequentist,Unrestricted,Extra Risk,0.1,6.31E-02,4.73E-02,8.81E-02,0.757608627,212.0844922,-,-9.14E-03,-9.14E-03,Viable - Recommended
208,Log-Logistic,frequentist,Restricted,Extra Risk,0.1,0.330301888,0.223821155,0.654971184,0.758402335,124.4419819,-,-1.52E-02,-1.52E-02,Viable - Recommended
209,Dichotomous Hill,frequentist,Unrestricted,Extra Risk,0.1,0.941601427,0.148514365,4.345835112,0.613839279,102.4420269,-,-7.98E-04,-1.05E-03,Viable - Recommended
210,Log-Probit,frequentist,Unrestricted,Extra Risk,0.1,43.56541591,5.957485563,55.43837683,0.169997028,198.8924633,-,-5.07E-06,-0.560201633,Viable - Recommended
211,Log-Logistic,frequentist,Restricted,Extra Risk,0.1,194.938095,114.3042532,429.2753907,0.495500532,116.0453934,-,0.566765986,-0.211402744,Viable - Recommended
212,Log-Logistic,frequentist,Restricted,Extra Risk,0.1,181.0580972,84.59237111,939.5174387,0.883194047,88.82163376,-,0.122666718,-6.30E-02,Viable - Recommended
213,Weibull,frequentist,Unrestricted,Extra Risk,0.1,9.53E-06,5.41E-07,6.76E-05,0.745142908,260.502349,-,-0.140277982,-0.117496345,Viable - Recommended
214,Multistage Degree 2,frequentist,Restricted,Extra Risk,0.1,191.1523221,144.9929841,353.3010894,0.932216175,124.0380436,-,-5.52E-04,-5.52E-04,Viable - Recommended
215,Log-Logistic,frequentist,Unrestricted,Extra Risk,0.1,503.8481262,59.5643696,704.7081862,0.99958221,93.38340023,-,-4.08E-06,-5.24E-04,Viable - Recommended
216,Log-Logistic,frequentist,Restricted,Extra Risk,0.1,744.7388564,410.3597924,Infinity,0.848800489,52.20395723,-,-0.334428893,-3.90E-04,Viable - Recommended
217,Dichotomous Hill,frequentist,Restricted,Extra Risk,0.1,77.54354386,57.44115267,Infinity,4.28E-04,29.02251121,-,-0.107472429,-3.90E-04,Questionable
218,Log-Probit,frequentist,Restricted,Extra Risk,0.1,401.350689,293.39669,602.7969465,0.816579359,47.51931816,-,-0.365991951,-8.64E-04,Viable - Recommended
219,Dichotomous Hill,frequentist,Restricted,Extra Risk,0.1,173.5373249,112.1988194,193.6190057,0.999824552,106.2290885,-,6.49E-04,-8.64E-04,Viable - Recommended
220,Multistage Degree 2,frequentist,Unrestricted,Extra Risk,0.1,187.0152766,154.2877826,203.7211148,0.99999961,88.11076511,-,7.95E-05,-8.64E-04,Viable - Recommended
221,Multistage Degree 3,frequentist,Unrestricted,Extra Risk,0.1,66.06104873,55.6312712,104.0652787,0.723587006,22.99084881,-,0,0,Viable - Recommended
222,Logistic,frequentist,Unrestricted,Extra Risk,0.1,74.3856249,55.59342508,99.92934196,0.286448294,104.0708239,-,-0.454603229,-0.454603229,Viable - Recommended
223,Multistage Degree 1,frequentist,Unrestricted,Extra Risk,0.1,3276.8,3179.924632,Infinity,<0.0001,71.16915219,-,-4.65E-04,-2.012230676,Questionable
224,Multistage Degree 3,frequentist,Unrestricted,Extra Risk,0.1,13.34719048,12.7848798,14.75066736,NA,72.17877019,-,5.15E-08,2.06E-08,Questionable
225,Probit,frequentist,Unrestricted,Extra Risk,0.1,384.882851,306.5726671,468.7909364,0.484598455,76.88740792,-,0.770509015,-0.45795015,Viable - Recommended
226,Multistage Degree 3,frequentist,Unrestricted,Extra Risk,0.1,7.099028113,3.671730405,10.07077596,0.954804126,142.1468273,-,-5.46E-05,-7.71E-04,Viable - Recommended
227,Log-Logistic,frequentist,Restricted,Extra Risk,0.1,19.96265448,13.78632325,42.89359748,0.738987101,131.6491519,-,-1.32E-02,-1.32E-02,Viable - Recommended
228,Gamma,frequentist,Unrestricted,Extra Risk,0.1,0.224189829,3.39E-02,0.689565346,0.890844238,232.0284155,-,4.44E-02,7.22E-02,Viable - Recommended
229,Dichotomous Hill,frequentist,Unrestricted,Extra Risk,0.1,8.82E-02,6.08E-02,0.801427598,0.996809995,40.15643545,-,6.17E-06,-2.11E-03,Viable - Recommended
230,Gamma,frequentist,Unrestricted,Extra Risk,0.1,6.28E-06,2.73E-06,Infinity,0.999995563,20.2133314,-,-5.09E-04,-5.09E-04,Questionable
231,Logistic,frequentist,Unrestricted,Extra Risk,0.1,0.235671562,5.60E-02,0.295321447,0.999949047,8.285616083,-,3.39E-03,-5.71E-02,Viable - Recommended
232,Multistage Degree 3,frequentist,Unrestricted,Extra Risk,0.1,3.84E-02,2.50E-02,0.180972956,0.997237435,31.82556448,-,-4.26E-04,-4.26E-04,Viable - Recommended
233,Dichotomous Hill,frequentist,Unrestricted,Extra Risk,0.1,0.259481142,0.10164899,Infinity,NA,151.9866662,-,-1.49E-03,1.03E-03,Questionable
234,Dichotomous Hill,frequentist,Restricted,Extra Risk,0.1,0.358080553,0.12395716,Infinity,0.998053597,116.3750409,-,1.98E-05,-8.28E-04,Viable - Recommended
235,Log-Logistic,frequentist,Unrestricted,Extra Risk,0.1,0.285978366,4.90E-02,Infinity,0.574500294,156.2115169,-,-0.150199947,0.148252707,Viable - Recommended
236,Dichotomous Hill,frequentist,Unrestricted,Extra Risk,0.1,0.57680663,0.449293609,0.755610189,65535,193.5960532,-,4.96E-08,-1.01E-07,Viable - Recommended
237,Dichotomous Hill,frequentist,Unrestricted,Extra Risk,0.1,0.792463436,0.602014394,1.177014478,65535,117.6512503,-,7.89E-08,-9.30E-08,Viable - Recommended
238,Log-Logistic,frequentist,Unrestricted,Extra Risk,0.1,407.8741423,347.2719719,Infinity,1,52.04086258,-,1.68E-04,-8.73E-04,Viable - Recommended
239,Weibull,frequentist,Unrestricted,Extra Risk,0.1,1261.042075,867.2664528,1299.528088,1,54.6908038,-,-1.10E-08,-8.73E-04,Viable - Recommended
240,Logistic,frequentist,Unrestricted,Extra Risk,0.1,28.19053293,21.59300876,53.13309897,0.941835743,118.5025765,-,-5.71E-02,3.98E-02,Viable - Recommended
241,Log-Logistic,frequentist,Unrestricted,Extra Risk,0.1,12.59203153,7.574468343,13.01670821,0.161328313,110.635472,-,5.61E-09,-0.297355096,Viable - Recommended
242,Gamma,frequentist,Unrestricted,Extra Risk,0.1,1.90E-02,3.89E-03,4.96E-02,0.227242473,79.86580161,-,0.303738366,-0.669462529,Viable - Recommended
243,Multistage Degree 2,frequentist,Restricted,Extra Risk,0.1,24.72256647,17.21509054,Infinity,0.968000732,32.02038951,-,3.74E-02,-7.40E-04,Viable - Recommended
244,Weibull,frequentist,Restricted,Extra Risk,0.1,5.551950956,3.4219998,7.566230118,0.989074978,118.6206524,-,-9.15E-02,-7.40E-04,Viable - Recommended
245,Log-Probit,frequentist,Restricted,Extra Risk,0.1,5.376572611,3.743860876,6.9913044,0.861466068,124.0931304,-,-0.264539965,-7.40E-04,Viable - Recommended
246,Multistage Degree 2,frequentist,Restricted,Extra Risk,0.1,8.033118844,5.403363162,9.457702507,0.769802698,100.8512385,-,-0.761877067,-7.40E-04,Viable - Recommended
247,Weibull,frequentist,Restricted,Extra Risk,0.1,23.06797909,19.88466213,38.87005471,0.999999986,22.29366349,-,7.15E-06,-7.40E-04,Viable - Recommended
248,Log-Logistic,frequentist,Unrestricted,Extra Risk,0.1,28.29021139,4.991008024,Infinity,0.597415625,45.18716708,-,0.155307603,-7.41E-04,Viable - Recommended
249,Weibull,frequentist,Restricted,Extra Risk,0.1,6.991344984,3.775495166,12.65145822,0.936988532,199.7447996,-,5.87E-02,-3.66E-02,Viable - Recommended
250,Weibull,frequentist,Restricted,Extra Risk,0.1,6.991344984,3.775495166,12.65145822,0.936988532,199.7447996,-,5.87E-02,-3.66E-02,Viable - Recommended
251,Dichotomous Hill,frequentist,Unrestricted,Extra Risk,0.1,5.09E-02,4.45E-02,0.109770506,0.302989168,179.7331954,-,6.92E-04,0.728061018,Viable - Recommended
252,Probit,frequentist,Unrestricted,Extra Risk,0.1,4.03E-02,3.34E-02,4.90E-02,0.460495172,213.9018342,-,0.97806421,-0.337251832,Viable - Recommended
253,Multistage Degree 3,frequentist,Restricted,Extra Risk,0.1,0.173014671,0.101511077,0.31190163,0.999981193,60.49030806,-,9.92E-05,-1.10E-03,Viable - Recommended
254,Gamma,frequentist,Unrestricted,Extra Risk,0.1,0.270125573,2.90E-02,Infinity,0.44338244,124.7683011,-,-0.761566555,-4.16E-02,Viable - Recommended
255,Gamma,frequentist,Unrestricted,Extra Risk,0.1,0.84266729,0.10795408,2.97633403,0.671300053,285.9431004,-,-0.31089023,0.100390769,Viable - Recommended
256,Probit,frequentist,Unrestricted,Extra Risk,0.1,2.424287419,1.987969348,2.958561315,0.613526,154.3900442,-,0.253731422,-0.677192356,Viable - Recommended
257,Multistage Degree 3,frequentist,Restricted,Extra Risk,0.1,0.787623,0.55834145,2.552019103,8.16E-02,478.3630236,-,0.322616961,-1.301283532,Questionable
258,Quantal Linear,frequentist,Unrestricted,Extra Risk,0.1,5.434229142,4.051259636,7.487787511,0.171573915,76.83607902,-,-7.81E-04,-7.81E-04,Viable - Recommended
259,Log-Probit,frequentist,Restricted,Extra Risk,0.1,3.620924117,2.733072138,5.712081691,0.834803892,77.71340743,-,-7.81E-04,-7.81E-04,Viable - Recommended
260,Probit,frequentist,Unrestricted,Extra Risk,0.1,2.745756003,2.0365599,4.696114766,0.346331486,155.4761548,-,0.58773968,0.631634429,Viable - Recommended
261,Multistage Degree 2,frequentist,Unrestricted,Extra Risk,0.1,1.001116079,0.463049678,5.448206806,0.475713818,206.8418072,-,0.578295614,-0.283933464,Viable - Recommended
262,Log-Logistic,frequentist,Unrestricted,Extra Risk,0.1,4.586178145,0.511553059,Infinity,0.914627144,69.18586867,-,-0.108974328,-8.73E-04,Viable - Recommended
263,Probit,frequentist,Unrestricted,Extra Risk,0.1,4.68369756,3.478965562,8.227885911,0.919085627,115.6743438,-,-5.07E-02,-8.20E-03,Viable - Recommended
264,Log-Probit,frequentist,Restricted,Extra Risk,0.1,1.214537787,0.950084538,2.070383776,0.578350358,155.4643293,-,0.800986969,-0.468592328,Viable - Recommended
265,Dichotomous Hill,frequentist,Restricted,Extra Risk,0.1,1.81079177,0.701037628,3.213519447,0.646355946,150.1480897,-,1.18E-04,0.324428854,Viable - Recommended
266,Multistage Degree 2,frequentist,Unrestricted,Extra Risk,0.1,8.42E-02,6.52E-02,0.112731201,0.909885699,177.4292498,-,1.35E-02,1.35E-02,Viable - Recommended
267,Log-Probit,frequentist,Restricted,Extra Risk,0.1,0.306824248,0.240659443,0.432887062,0.50380787,179.9086525,-,0.2840454,-0.140009117,Viable - Recommended
268,Probit,frequentist,Unrestricted,Extra Risk,0.1,6.597985616,5.049598973,8.088487671,0.977437654,54.9590964,-,3.62E-03,-0.200786214,Viable - Recommended
269,Multistage Degree 3,frequentist,Unrestricted,Extra Risk,0.1,3.581026077,0.583380223,4.136653522,0.999572681,52.32413742,-,-6.82E-06,-4.78E-04,Viable - Recommended
270,Multistage Degree 2,frequentist,Unrestricted,Extra Risk,0.1,8.552395821,6.699417389,11.05190687,0.895477139,44.67112088,-,0.400168758,-4.78E-04,Viable - Recommended
271,Log-Logistic,frequentist,Restricted,Extra Risk,0.1,16.07260538,11.10498184,43.51631442,0.68157143,164.050385,-,-2.74E-02,-2.74E-02,Viable - Recommended